Color,Deck_Spread,Card_Spread
B,0.1983663943990665,0.4043935062156602
G,0.14819136522753792,0.5654736784163406
R,0.19136522753792298,0.44679429874594984
U,0.2847141190198366,0.3656399203029894
W,0.17736289381563594,0.4420906450869614
